{
	"Contacts": [{
	  		"Title": "Mr",
			"Name": "Ayan Sengupta",
			"CName": "Mouser",
			"Designation": "Software Developer",
			"Email": "ayan.sengupta@mouser.com",
			"Phone": "9513240493"
		},
		{
		    "Title": "Mr",
			"Name": "Ajoy Tripathi",
			"CName": "ABC",
			"Designation": "CEO",
			"Email": "ajoy.tripathi@abc.com",
			"Phone": "9513240491"
		},
		{
		    "Title": "Mr",
			"Name": "Vijay Ingale",
			"CName": "Mouser",
			"Designation": "Manager",
			"Email": "vijay.ingale@mouser.com",
			"Phone": "9513240492"
		},
		{
		    "Title": "Mr",
			"Name": "karthik B",
			"CName": "TCS",
			"Designation": "Security tester",
			"Email": "k.b7@tcs.com",
			"Phone": "9513240494"
		},
	  	{

			"Title": "Ms",
			"Name": "Pooja M",
			"CName": "Mouser",
			"Designation": "Sharepoint Developer",
			"Email": "pooja.m@mouser.com",
			"Phone": "9731543445"
	  	},
		{

		  "Title": "Mr",
		  "Name": "Oril Dlima",
		  "CName": "Mouser",
		  "Designation": "Senior Sharepoint Developer",
		  "Email": "oril.dlima@mouser.com",
		  "Phone": "9980810853"
		}
	]
}